0.000,0.000,0.000,0.000,0.000,0.000,0.000,0.000,0.000,0.000,0.000,0.000,0.000,0.000,0.000,0.000,0.000,0.000,0.000,0.000,0.000,0.000,0.000,0.000,0.000,0.000,0.000,0.000,0.000,0.000,0.000,0.000,0.000,0.000,0.000,0.000,0.000,0.000,0.000,0.000,0.000,0.000,0.000,0.000,0.000,0.000,0.000,0.000,0.000,0.000
0.000,0.000,0.000,0.000,0.000,0.000,0.000,0.000,0.000,0.000,0.000,0.000,0.000,0.000,0.000,0.000,0.000,0.000,0.000,0.000,0.000,0.000,0.000,0.000,0.000,0.000,0.000,0.000,0.000,0.000,0.000,0.000,0.000,0.000,0.000,0.000,0.000,0.000,0.000,0.000,0.000,0.000,0.000,0.000,0.000,0.000,0.000,0.000,0.000,0.000
0.000,0.000,0.000,0.000,0.000,0.000,0.000,0.000,0.000,0.000,0.000,0.000,0.000,0.000,0.000,0.000,0.000,0.000,0.000,0.000,0.000,0.000,0.000,0.000,0.000,0.000,0.000,0.000,0.000,0.000,0.000,0.000,0.000,0.000,0.000,0.000,0.000,0.000,0.000,0.000,0.000,0.000,0.000,0.000,0.000,0.000,0.000,0.000,0.000,0.000
0.000,0.000,0.000,0.000,0.000,0.000,0.000,0.000,0.000,0.000,0.000,0.000,0.000,0.000,0.000,0.000,0.000,0.000,0.000,0.000,0.000,0.000,0.000,0.000,0.000,0.000,0.000,0.000,0.000,0.000,0.000,0.000,0.000,0.000,0.000,0.000,0.000,0.000,0.000,0.000,0.000,0.000,0.000,0.000,0.000,0.000,0.000,0.000,0.000,0.000
0.000,0.000,0.000,0.000,0.000,0.000,0.000,0.000,0.000,0.000,0.000,0.000,0.000,0.000,0.000,0.000,0.000,0.000,0.000,0.000,0.000,0.000,0.000,0.000,0.000,0.000,0.000,0.000,0.000,0.000,0.000,0.000,0.000,0.000,0.000,0.000,0.000,0.000,0.000,0.000,0.000,0.000,0.000,0.000,0.000,0.000,0.000,0.000,0.000,0.000
0.000,0.000,0.000,0.000,0.000,0.000,0.000,0.000,0.000,0.000,0.000,0.000,0.000,0.000,0.000,0.000,0.000,0.000,0.000,0.000,0.000,0.000,0.000,0.000,0.000,0.000,0.000,0.000,0.000,0.000,0.000,0.000,0.000,0.000,0.000,0.000,0.000,0.000,0.000,0.000,0.000,0.000,0.000,0.000,0.000,0.000,0.000,0.000,0.000,0.000
0.000,0.000,0.000,0.000,0.000,0.000,0.000,0.000,0.000,0.000,0.000,0.000,0.000,0.000,0.000,0.000,0.000,0.000,0.000,0.000,0.000,0.000,0.000,0.000,0.000,0.000,0.000,0.000,0.000,0.000,0.000,0.000,0.000,0.000,0.000,0.000,0.000,0.000,0.000,0.000,0.000,0.000,0.000,0.000,0.000,0.000,0.000,0.000,0.000,0.000
0.000,0.000,0.000,0.000,0.000,0.000,0.000,0.000,0.000,0.000,0.000,0.000,0.000,0.000,0.000,0.000,0.000,0.000,0.000,0.000,0.000,0.000,0.000,0.000,375.886,462.612,375.886,0.000,0.000,0.000,0.000,0.000,0.000,0.000,0.000,0.000,0.000,0.000,0.000,0.000,0.000,0.000,0.000,0.000,0.000,0.000,0.000,0.000,0.000,0.000
0.000,0.000,0.000,0.000,0.000,0.000,0.000,0.000,0.000,0.000,0.000,0.000,0.000,0.000,0.000,0.000,0.000,0.000,0.000,0.000,455.808,657.039,775.900,879.392,1040.931,1098.676,1040.931,879.392,775.900,657.039,455.808,0.000,0.000,0.000,0.000,0.000,0.000,0.000,0.000,0.000,0.000,0.000,0.000,0.000,0.000,0.000,0.000,0.000,0.000,0.000
0.000,0.000,0.000,0.000,0.000,0.000,0.000,0.000,0.000,0.000,0.000,0.000,0.000,0.000,0.000,0.000,0.000,414.984,657.809,868.479,1166.195,1396.449,1567.170,1700.736,1809.770,1850.231,1809.770,1700.736,1567.170,1396.448,1166.194,868.479,657.809,414.984,0.000,0.000,0.000,0.000,0.000,0.000,0.000,0.000,0.000,0.000,0.000,0.000,0.000,0.000,0.000,0.000
0.000,0.000,0.000,0.000,0.000,0.000,0.000,0.000,0.000,0.000,0.000,0.000,0.000,0.000,0.000,0.000,561.406,1002.127,1347.772,1649.914,1944.042,2195.391,2395.595,2546.614,2647.183,2682.706,2647.183,2546.614,2395.595,2195.391,1944.042,1649.914,1347.772,1002.127,561.406,0.000,0.000,0.000,0.000,0.000,0.000,0.000,0.000,0.000,0.000,0.000,0.000,0.000,0.000,0.000
0.000,0.000,0.000,0.000,0.000,0.000,0.000,0.000,0.000,0.000,0.000,0.000,0.000,0.000,447.516,788.117,1243.497,1684.346,2081.239,2439.361,2764.670,3045.478,3273.205,3442.941,3549.642,3586.228,3549.643,3442.942,3273.206,3045.479,2764.670,2439.361,2081.239,1684.346,1243.498,788.117,447.516,0.000,0.000,0.000,0.000,0.000,0.000,0.000,0.000,0.000,0.000,0.000,0.000,0.000
0.000,0.000,0.000,0.000,0.000,0.000,0.000,0.000,0.000,0.000,0.000,0.000,0.000,512.775,1001.949,1461.454,1940.121,2410.521,2853.476,3261.621,3629.798,3948.648,4208.807,4402.303,4522.217,4562.921,4522.218,4402.304,4208.808,3948.648,3629.799,3261.622,2853.477,2410.521,1940.121,1461.454,1001.949,512.775,0.000,0.000,0.000,0.000,0.000,0.000,0.000,0.000,0.000,0.000,0.000,0.000
0.000,0.000,0.000,0.000,0.000,0.000,0.000,0.000,0.000,0.000,0.000,0.000,512.525,1049.152,1586.052,2115.630,2645.013,3164.140,3660.525,4123.850,4544.254,4910.507,5211.073,5435.247,5574.003,5621.022,5574.004,5435.248,5211.074,4910.508,4544.255,4123.851,3660.526,3164.141,2645.013,2115.630,1586.052,1049.152,512.525,0.000,0.000,0.000,0.000,0.000,0.000,0.000,0.000,0.000,0.000,0.000
0.000,0.000,0.000,0.000,0.000,0.000,0.000,0.000,0.000,0.000,0.000,446.852,1000.948,1585.257,2177.478,2769.999,3360.161,3940.503,4500.635,5029.001,5512.861,5938.055,6289.732,6553.609,6717.527,6773.159,6717.527,6553.610,6289.732,5938.056,5512.862,5029.001,4500.635,3940.503,3360.161,2769.999,2177.478,1585.257,1000.948,446.851,0.000,0.000,0.000,0.000,0.000,0.000,0.000,0.000,0.000,0.000
0.000,0.000,0.000,0.000,0.000,0.000,0.000,0.000,0.000,0.000,0.000,786.458,1459.157,2113.451,2768.605,3426.727,4085.130,4737.075,5372.510,5978.658,6540.135,7039.121,7456.189,7771.932,7969.336,8036.561,7969.336,7771.932,7456.190,7039.122,6540.135,5978.658,5372.510,4737.075,4085.130,3426.726,2768.605,2113.451,1459.157,786.458,0.000,0.000,0.000,0.000,0.000,0.000,0.000,0.000,0.000,0.000
0.000,0.000,0.000,0.000,0.000,0.000,0.000,0.000,0.000,0.000,559.264,1239.825,1935.770,2640.786,3356.765,4083.173,4816.557,5550.159,6273.671,6972.985,7629.899,8222.105,8723.971,9108.593,9351.325,9434.414,9351.325,9108.593,8723.972,8222.106,7629.900,6972.985,6273.671,5550.159,4816.556,4083.172,3356.765,2640.786,1935.770,1239.825,559.264,0.000,0.000,0.000,0.000,0.000,0.000,0.000,0.000,0.000
0.000,0.000,0.000,0.000,0.000,0.000,0.000,0.000,0.000,412.527,997.233,1677.807,2403.312,3157.159,3934.497,4732.642,5547.765,6373.334,7199.031,8009.712,8784.373,9495.428,10108.999,10587.145,10892.955,10998.446,10892.955,10587.145,10109.000,9495.429,8784.373,8009.712,7199.031,6373.334,5547.765,4732.642,3934.497,3157.159,2403.312,1677.807,997.233,412.527,0.000,0.000,0.000,0.000,0.000,0.000,0.000,0.000
0.000,0.000,0.000,0.000,0.000,0.000,0.000,0.000,0.000,652.875,1339.334,2070.858,2842.511,3650.041,4491.422,5365.135,6268.528,7196.382,8139.406,9082.460,10002.451,10866.237,11629.452,12238.033,12634.903,12773.462,12634.903,12238.033,11629.453,10866.238,10002.452,9082.460,8139.406,7196.381,6268.528,5365.135,4491.423,3650.042,2842.512,2070.859,1339.334,652.875,0.000,0.000,0.000,0.000,0.000,0.000,0.000,0.000
0.000,0.000,0.000,0.000,0.000,0.000,0.000,0.000,0.000,859.638,1636.370,2423.782,3245.834,4109.073,5016.016,5967.948,6964.831,8004.258,9079.751,10178.271,11276.736,12337.617,13304.540,14100.632,14635.161,14825.597,14635.161,14100.632,13304.541,12337.618,11276.736,10178.271,9079.751,8004.258,6964.831,5967.948,5016.016,4109.073,3245.834,2423.782,1636.370,859.638,0.000,0.000,0.000,0.000,0.000,0.000,0.000,0.000
0.000,0.000,0.000,0.000,0.000,0.000,0.000,0.000,447.045,1149.307,1922.727,2742.067,3607.970,4524.401,5495.621,6525.809,7618.591,8776.070,9997.070,11274.138,12588.605,13902.956,15150.460,16224.793,16979.514,17258.602,16979.514,16224.793,15150.460,13902.956,12588.604,11274.138,9997.070,8776.070,7618.591,6525.808,5495.621,4524.401,3607.970,2742.067,1922.727,1149.307,447.045,0.000,0.000,0.000,0.000,0.000,0.000,0.000
0.000,0.000,0.000,0.000,0.000,0.000,0.000,0.000,638.873,1367.820,2163.163,3013.790,3919.577,4884.939,5916.260,7021.075,8207.654,9484.362,10858.322,12332.606,13900.589,15535.143,17169.549,18668.566,19799.501,20249.785,19799.501,18668.566,17169.549,15535.142,13900.588,12332.606,10858.322,9484.362,8207.653,7021.074,5916.259,4884.939,3919.577,3013.790,2163.163,1367.819,638.872,0.000,0.000,0.000,0.000,0.000,0.000,0.000
0.000,0.000,0.000,0.000,0.000,0.000,0.000,0.000,740.626,1519.936,2348.315,3230.354,4171.610,5179.519,6263.403,7434.578,8706.588,10095.402,11619.250,13297.376,15146.001,17167.477,19324.028,21480.421,23300.138,24141.536,23300.138,21480.421,19324.028,17167.477,15146.001,13297.376,11619.250,10095.402,8706.587,7434.577,6263.403,5179.519,4171.609,3230.354,2348.315,1519.935,740.625,0.000,0.000,0.000,0.000,0.000,0.000,0.000
0.000,0.000,0.000,0.000,0.000,0.000,0.000,0.000,803.694,1622.983,2479.809,3387.702,4356.989,5398.125,6523.257,7747.244,9088.717,10571.410,12225.899,14091.646,16218.563,18664.738,21478.664,24628.954,27779.093,29716.085,27779.093,24628.954,21478.664,18664.737,16218.563,14091.646,12225.899,10571.410,9088.716,7747.244,6523.256,5398.124,4356.988,3387.701,2479.808,1622.982,803.694,0.000,0.000,0.000,0.000,0.000,0.000,0.000
0.000,0.000,0.000,0.000,0.000,0.000,0.000,0.000,851.169,1688.492,2560.237,3483.655,4470.519,5532.736,6684.255,7942.426,9329.626,10875.623,12621.290,14624.748,16971.868,19794.246,23296.938,27777.638,33471.196,39164.619,33471.196,27777.638,23296.937,19794.245,16971.867,14624.747,12621.289,10875.622,9329.625,7942.425,6684.254,5532.735,4470.518,3483.654,2560.236,1688.491,851.169,0.000,0.000,0.000,0.000,0.000,0.000,0.000
0.000,0.000,0.000,0.000,0.000,0.000,0.000,228.123,912.491,1719.578,2588.993,3516.163,4508.696,5578.045,6738.601,8008.578,9411.739,10980.166,12758.889,14814.188,17249.915,20243.440,24137.203,29713.464,39163.435,60000.000,39163.435,29713.463,24137.202,20243.440,17249.914,14814.187,12758.887,10980.165,9411.738,8008.577,6738.600,5578.044,4508.695,3516.162,2588.992,1719.578,912.491,228.123,0.000,0.000,0.000,0.000,0.000,0.000
0.000,0.000,0.000,0.000,0.000,0.000,0.000,0.000,851.095,1688.337,2559.992,3483.309,4470.058,5532.148,6683.526,7941.545,9328.585,10874.414,12619.911,14623.202,16970.163,19792.398,23294.970,27775.579,33469.080,39162.484,33469.080,27775.578,23294.969,19792.397,16970.162,14623.200,12619.909,10874.413,9328.584,7941.545,6683.526,5532.147,4470.057,3483.308,2559.992,1688.337,851.095,0.000,0.000,0.000,0.000,0.000,0.000,0.000
0.000,0.000,0.000,0.000,0.000,0.000,0.000,0.000,803.551,1622.682,2479.331,3387.021,4356.080,5396.961,6521.811,7745.493,9086.641,10568.995,12223.138,14088.545,16215.138,18661.020,21474.700,24624.802,27774.824,29711.776,27774.823,24624.801,21474.698,18661.018,16215.136,14088.543,12223.137,10568.994,9086.641,7745.493,6521.811,5396.960,4356.079,3387.021,2479.331,1622.682,803.551,0.000,0.000,0.000,0.000,0.000,0.000,0.000
0.000,0.000,0.000,0.000,0.000,0.000,0.000,0.000,740.427,1519.510,2347.628,3229.365,4170.279,5177.805,6261.265,7431.976,8703.491,10091.786,11615.102,13292.701,15140.823,17161.843,19318.007,21474.105,23293.637,24134.972,23293.636,21474.104,19318.006,17161.842,15140.822,13292.700,11615.102,10091.786,8703.491,7431.977,6261.265,5177.805,4170.279,3229.366,2347.628,1519.511,740.427,0.000,0.000,0.000,0.000,0.000,0.000,0.000
0.000,0.000,0.000,0.000,0.000,0.000,0.000,0.000,638.646,1367.305,2162.305,3012.534,3917.867,4882.716,5913.466,7017.656,8203.561,9479.557,10852.783,12326.334,13893.612,15527.523,17161.380,18659.976,19790.646,20240.839,19790.645,18659.975,17161.379,15527.521,13893.611,12326.334,10852.783,9479.557,8203.561,7017.657,5913.467,4882.717,3917.867,3012.535,2162.306,1367.306,638.646,0.000,0.000,0.000,0.000,0.000,0.000,0.000
0.000,0.000,0.000,0.000,0.000,0.000,0.000,0.000,446.851,1148.760,1921.753,2740.600,3605.937,4521.727,5492.229,6521.622,7613.540,8770.098,9990.140,11266.241,12579.769,13893.255,15140.014,16213.774,16968.132,17247.095,16968.131,16213.773,15140.014,13893.254,12579.768,11266.240,9990.139,8770.098,7613.540,6521.622,5492.229,4521.728,3605.938,2740.601,1921.754,1148.761,446.852,0.000,0.000,0.000,0.000,0.000,0.000,0.000
0.000,0.000,0.000,0.000,0.000,0.000,0.000,0.000,0.000,859.130,1635.348,2422.176,3243.556,4106.027,5012.101,5963.063,6958.879,7997.156,9071.438,10168.720,11265.968,12325.713,13291.649,14086.972,14621.012,14811.279,14621.012,14086.972,13291.649,12325.713,11265.968,10168.719,9071.437,7997.156,6958.879,5963.062,5012.101,4106.027,3243.557,2422.178,1635.349,859.131,0.000,0.000,0.000,0.000,0.000,0.000,0.000,0.000
0.000,0.000,0.000,0.000,0.000,0.000,0.000,0.000,0.000,652.414,1338.331,2069.202,2840.085,3646.724,4487.086,5359.648,6261.759,7188.210,8129.735,9071.233,9989.670,10851.982,11613.898,12221.454,12617.665,12755.997,12617.665,12221.454,11613.898,10851.982,9989.670,9071.233,8129.734,7188.209,6261.758,5359.647,4487.086,3646.724,2840.086,2069.203,1338.332,652.414,0.000,0.000,0.000,0.000,0.000,0.000,0.000,0.000
0.000,0.000,0.000,0.000,0.000,0.000,0.000,0.000,0.000,412.194,996.361,1676.217,2400.859,3153.698,3929.871,4726.683,5540.299,6364.190,7188.059,7996.807,8769.498,9478.648,10090.507,10567.281,10872.198,10977.380,10872.198,10567.281,10090.507,9478.648,8769.498,7996.807,7188.059,6364.189,5540.298,4726.683,3929.871,3153.698,2400.859,1676.218,996.361,412.194,0.000,0.000,0.000,0.000,0.000,0.000,0.000,0.000
0.000,0.000,0.000,0.000,0.000,0.000,0.000,0.000,0.000,0.000,558.702,1238.447,1933.435,2637.338,3352.018,4076.916,4808.562,5540.191,6261.506,6958.439,7612.867,8202.606,8702.202,9084.965,9326.467,9409.126,9326.467,9084.965,8702.202,8202.606,7612.867,6958.439,6261.506,5540.191,4808.562,4076.916,3352.018,2637.338,1933.435,1238.447,558.702,0.000,0.000,0.000,0.000,0.000,0.000,0.000,0.000,0.000
0.000,0.000,0.000,0.000,0.000,0.000,0.000,0.000,0.000,0.000,0.000,785.433,1457.097,2110.200,2763.946,3420.402,4076.843,4726.507,5359.335,5962.577,6520.925,7016.706,7430.731,7743.909,7939.580,8006.190,7939.580,7743.909,7430.730,7016.706,6520.924,5962.577,5359.335,4726.507,4076.843,3420.401,2763.946,2110.200,1457.097,785.433,0.000,0.000,0.000,0.000,0.000,0.000,0.000,0.000,0.000,0.000
0.000,0.000,0.000,0.000,0.000,0.000,0.000,0.000,0.000,0.000,0.000,446.188,999.321,1582.419,2173.166,2763.901,3351.903,3929.660,4486.750,5011.609,5491.549,5912.564,6260.105,6520.361,6681.753,6736.476,6681.753,6520.361,6260.105,5912.563,5491.548,5011.609,4486.750,3929.660,3351.902,2763.900,2173.165,1582.419,999.321,446.188,0.000,0.000,0.000,0.000,0.000,0.000,0.000,0.000,0.000,0.000
0.000,0.000,0.000,0.000,0.000,0.000,0.000,0.000,0.000,0.000,0.000,0.000,511.578,1046.991,1582.396,2110.134,2637.207,3153.480,3646.395,4105.561,4521.097,4881.895,5176.765,5395.677,5530.596,5576.207,5530.596,5395.677,5176.765,4881.895,4521.097,4105.561,3646.395,3153.480,2637.207,2110.133,1582.395,1046.991,511.578,0.000,0.000,0.000,0.000,0.000,0.000,0.000,0.000,0.000,0.000,0.000
0.000,0.000,0.000,0.000,0.000,0.000,0.000,0.000,0.000,0.000,0.000,0.000,0.000,511.571,999.292,1457.031,1933.312,2400.659,2839.789,3243.143,3605.385,3917.153,4169.385,4354.986,4468.748,4507.159,4468.748,4354.986,4169.385,3917.153,3605.385,3243.143,2839.789,2400.659,1933.312,1457.031,999.292,511.571,0.000,0.000,0.000,0.000,0.000,0.000,0.000,0.000,0.000,0.000,0.000,0.000
0.000,0.000,0.000,0.000,0.000,0.000,0.000,0.000,0.000,0.000,0.000,0.000,0.000,0.000,446.170,785.388,1238.352,1676.056,2068.960,2421.837,2740.146,3011.949,3228.635,3386.133,3482.252,3514.933,3482.252,3386.133,3228.635,3011.949,2740.146,2421.837,2068.960,1676.056,1238.352,785.388,446.170,0.000,0.000,0.000,0.000,0.000,0.000,0.000,0.000,0.000,0.000,0.000,0.000,0.000
0.000,0.000,0.000,0.000,0.000,0.000,0.000,0.000,0.000,0.000,0.000,0.000,0.000,0.000,0.000,0.000,558.651,996.252,1338.159,1635.100,1921.413,2161.862,2347.073,2478.658,2559.195,2588.070,2559.195,2478.658,2347.074,2161.862,1921.413,1635.100,1338.159,996.253,558.651,0.000,0.000,0.000,0.000,0.000,0.000,0.000,0.000,0.000,0.000,0.000,0.000,0.000,0.000,0.000
0.000,0.000,0.000,0.000,0.000,0.000,0.000,0.000,0.000,0.000,0.000,0.000,0.000,0.000,0.000,0.000,0.000,412.144,652.324,858.992,1148.545,1367.012,1519.139,1622.230,1687.801,1718.958,1687.801,1622.231,1519.140,1367.013,1148.545,858.992,652.324,412.144,0.000,0.000,0.000,0.000,0.000,0.000,0.000,0.000,0.000,0.000,0.000,0.000,0.000,0.000,0.000,0.000
0.000,0.000,0.000,0.000,0.000,0.000,0.000,0.000,0.000,0.000,0.000,0.000,0.000,0.000,0.000,0.000,0.000,0.000,0.000,0.000,446.762,638.504,740.242,803.323,850.821,912.160,850.821,803.323,740.242,638.504,446.762,0.000,0.000,0.000,0.000,0.000,0.000,0.000,0.000,0.000,0.000,0.000,0.000,0.000,0.000,0.000,0.000,0.000,0.000,0.000
0.000,0.000,0.000,0.000,0.000,0.000,0.000,0.000,0.000,0.000,0.000,0.000,0.000,0.000,0.000,0.000,0.000,0.000,0.000,0.000,0.000,0.000,0.000,0.000,0.000,228.040,0.000,0.000,0.000,0.000,0.000,0.000,0.000,0.000,0.000,0.000,0.000,0.000,0.000,0.000,0.000,0.000,0.000,0.000,0.000,0.000,0.000,0.000,0.000,0.000
0.000,0.000,0.000,0.000,0.000,0.000,0.000,0.000,0.000,0.000,0.000,0.000,0.000,0.000,0.000,0.000,0.000,0.000,0.000,0.000,0.000,0.000,0.000,0.000,0.000,0.000,0.000,0.000,0.000,0.000,0.000,0.000,0.000,0.000,0.000,0.000,0.000,0.000,0.000,0.000,0.000,0.000,0.000,0.000,0.000,0.000,0.000,0.000,0.000,0.000
0.000,0.000,0.000,0.000,0.000,0.000,0.000,0.000,0.000,0.000,0.000,0.000,0.000,0.000,0.000,0.000,0.000,0.000,0.000,0.000,0.000,0.000,0.000,0.000,0.000,0.000,0.000,0.000,0.000,0.000,0.000,0.000,0.000,0.000,0.000,0.000,0.000,0.000,0.000,0.000,0.000,0.000,0.000,0.000,0.000,0.000,0.000,0.000,0.000,0.000
0.000,0.000,0.000,0.000,0.000,0.000,0.000,0.000,0.000,0.000,0.000,0.000,0.000,0.000,0.000,0.000,0.000,0.000,0.000,0.000,0.000,0.000,0.000,0.000,0.000,0.000,0.000,0.000,0.000,0.000,0.000,0.000,0.000,0.000,0.000,0.000,0.000,0.000,0.000,0.000,0.000,0.000,0.000,0.000,0.000,0.000,0.000,0.000,0.000,0.000
0.000,0.000,0.000,0.000,0.000,0.000,0.000,0.000,0.000,0.000,0.000,0.000,0.000,0.000,0.000,0.000,0.000,0.000,0.000,0.000,0.000,0.000,0.000,0.000,0.000,0.000,0.000,0.000,0.000,0.000,0.000,0.000,0.000,0.000,0.000,0.000,0.000,0.000,0.000,0.000,0.000,0.000,0.000,0.000,0.000,0.000,0.000,0.000,0.000,0.000
0.000,0.000,0.000,0.000,0.000,0.000,0.000,0.000,0.000,0.000,0.000,0.000,0.000,0.000,0.000,0.000,0.000,0.000,0.000,0.000,0.000,0.000,0.000,0.000,0.000,0.000,0.000,0.000,0.000,0.000,0.000,0.000,0.000,0.000,0.000,0.000,0.000,0.000,0.000,0.000,0.000,0.000,0.000,0.000,0.000,0.000,0.000,0.000,0.000,0.000
0.000,0.000,0.000,0.000,0.000,0.000,0.000,0.000,0.000,0.000,0.000,0.000,0.000,0.000,0.000,0.000,0.000,0.000,0.000,0.000,0.000,0.000,0.000,0.000,0.000,0.000,0.000,0.000,0.000,0.000,0.000,0.000,0.000,0.000,0.000,0.000,0.000,0.000,0.000,0.000,0.000,0.000,0.000,0.000,0.000,0.000,0.000,0.000,0.000,0.000
